Workbook

Sheet Tong_hop
A1: Cost estimate
A2: Xây dựng và triển khai hệ thống website bán hàng trực tuyến (Web Selling Site System)
A3: Khoản mục | B3: Giá trị, đồng
A4: A. Nhân công theo loại công việc | B4: =Nhan_cong!$F$7 -> 1581550000
A5: B. Chi phí khác | B5: =Chi_phi_khac!$C$5 -> 150000000
A6: D. Dự phòng rủi ro tách riêng | B6: =0 -> 0
A7: Chi phí đã biết (A + B + D) | B7: =B4+B5+B6 -> 1731550000
A8: Giá chào trọn gói, gồm thuế | B8: =Tham_so!$B$7 -> 1949024682
A9: Giá trước thuế | B9: =B8/(1+Tham_so!$B$8) -> 1949024682
A10: Thuế GTGT | B10: =B8-B9 -> 0
A11: C. Chi phí chung và lợi nhuận | B11: =B9-B7 -> 217474682
A12: Tỷ lệ C trên giá trước thuế | B12: =IF(B9=0,0,B11/B9) -> 0.11158129
A13: Giá gói thầu | B13: =Tham_so!$B$13 -> 2000000000
A14: Giá dự thầu ban đầu thấp hơn giá gói thầu (giá chào trừ điều chỉnh theo phụ lục) | B14: =B13-(B8-Tham_so!$B$14) -> 250000000
A15: Tỷ lệ thấp hơn | B15: =IF(B13=0,0,B14/B13) -> 0.125
A16: Kiểm tra giá dự thầu ban đầu không vượt giá gói thầu | B16: =IF(B8-Tham_so!$B$14<=B13,"Đạt","Vượt giá gói thầu") -> Đạt
A17: Kiểm tra tỷ lệ C tối thiểu | B17: =IF(B12>=Tham_so!$B$11,"Đạt","Dưới mức tối thiểu") -> Đạt
A18: EMV còn lại của sổ rủi ro (rủi ro chưa xảy ra, chưa đóng) | B18: =Tham_so!$B$16 -> 115413014
A19: Dự phòng hiện có (phần dự phòng trong B, trống thì cả B, hoặc D) | B19: =IF(ISBLANK(Tham_so!$B$18),B5,Tham_so!$B$18) -> 50000000
A20: Kiểm tra dự phòng so với EMV | B20: =IF(B19>=B18,"Đủ","Thiếu") -> Thiếu
A21: Độ nhạy: giá trước thuế nếu áp thuế suất tính độ nhạy | B21: =B8/(1+Tham_so!$B$9) -> 1771840620
A22: Độ nhạy: khoản C tương ứng | B22: =B21-B7 -> 40290620
A23: Chi phí lương kế hoạch theo người (theo cách trả lương) | B23: =Doi_chieu_nguoi!$J$14 -> 1.3278394e+09
A24: Khoản còn lại sau chi phí lương kế hoạch (giá trước thuế - lương - B - D) | B24: =B9-B23-B5-B6 -> 4.7118524e+08
A25: Tỷ lệ khoản còn lại trên giá trước thuế | B25: =IF(B9=0,0,B24/B9) -> 0.24175437
A26: Kiểm tra giá trước thuế đủ bù chi phí lương kế hoạch | B26: =IF(B24>=0,"Đạt","Không đủ") -> Đạt
A27: Kiểm tra tỷ lệ khoản còn lại tối thiểu | B27: =IF(B25>=Tham_so!$B$11,"Đạt","Dưới mức tối thiểu") -> Đạt
A28: Độ nhạy: khoản còn lại sau chi phí lương kế hoạch | B28: =B21-B23-B5-B6 -> 2.9400118e+08
A30: Căn cứ thuế: Dịch vụ phần mềm thuộc đối tượng không chịu thuế GTGT (Luật Thuế GTGT số 48/2024/QH15, khoản 21 Điều 5; Nghị định số 181/2025/NĐ-CP, khoản 13 Điều 4)
A31: Dự phòng hiện có lấy số tiền dự phòng rủi ro khai báo trong khoản B. Để trống thì cả khoản B được coi là dự phòng, 0 là không có dự phòng.
A32: Chữ xanh dương: dữ liệu đầu vào. Chữ xanh lá: tham chiếu sang sheet khác. Chữ đen: công thức.

Sheet Tham_so
A1: Tham số dự toán
A3: Tham số | B3: Giá trị | C3: Nguồn
A4: Số MD mỗi người-tháng | B4: 20 | C4: dau_vao/don_gia.json
A5: Hệ số bảo hiểm phần doanh nghiệp | B5: 1.235 | C5: Lương cộng bảo hiểm xã hội, bảo hiểm y tế, bảo hiểm thất nghiệp và kinh phí công đoàn phần doanh nghiệp đóng
A6: Ngày làm việc mỗi tháng | B6: 22 | C6: dau_vao/don_gia.json
A7: Giá chào mục tiêu, đồng | B7: 1949024682 | C7: dau_vao/don_gia.json
A8: Thuế suất GTGT áp dụng | B8: 0 | C8: Dịch vụ phần mềm thuộc đối tượng không chịu thuế GTGT (Luật Thuế GTGT số 48/2024/QH15, khoản 21 Điều 5; Nghị định số 181/2025/NĐ-CP, khoản 13 Điều 4)
A9: Thuế suất GTGT tính độ nhạy | B9: 0.1 | C9: dau_vao/don_gia.json
A10: Thời hạn thanh toán theo HSMT (Mục 13.1 E-ĐKCT), ngày | B10: 15 | C10: dau_vao/don_gia.json
A11: Tỷ lệ chi phí chung và lợi nhuận tối thiểu | B11: 0.05 | C11: dau_vao/don_gia.json
A12: Tỷ lệ chi phí chung và lợi nhuận (cách cộng dồn) | B12: 0.12 | C12: dau_vao/don_gia.json
A13: Giá gói thầu theo HSMT, đồng | B13: 2000000000 | C13: du_lieu/hsmt.json
A14: Giá điều chỉnh theo phụ lục hợp đồng đã cộng vào giá chào mục tiêu, đồng | B14: 199024682 | C14: du_lieu/thay_doi.json phu_luc (CR01 01/2027/PL-ABCW)
A15: Giá điều chỉnh theo 01/2027/PL-ABCW (CR01), đồng | B15: 199024682 | C15: du_lieu/thay_doi.json, CR01 phu_luc
... A18: Số tiền dự phòng rủi ro trong khoản B (để trống là cả khoản B, 0 là không có dự phòng) | B18: 50000000 | C18: dau_vao/don_gia.json
A19: Cách trả lương (cong_suc: MD công việc, huy_dong hoặc ket_hop: MD huy động) | B19: cong_suc | C19: dau_vao/don_gia.json
A21: Đơn giá trọn gói theo loại công việc
A22: Mã loại | B22: Tên | C22: Đơn giá, đồng/người-tháng
A23: PM | B23: Quản lý dự án | C23: 55000000
A24: BA | B24: Phân tích nghiệp vụ, kiến trúc | C24: 43000000
A25: QA | B25: Kiểm thử, bảo đảm chất lượng | C25: 40000000
A26: DEV | B26: Phát triển phần mềm | C26: 42000000
A27: DEVOPS | B27: Triển khai và vận hành | C27: 52000000
A29: Lương tham chiếu theo vai trò (Mức trung vị theo vị trí, báo cáo lương ITviec 2025-2026, riêng mức của kiến trúc sư kiêm phân tích nghiệp vụ và kỹ sư kiểm thử do nhóm xác định trong bảng quyết toán lương)
A30: Mã vai trò | B30: Tên | C30: Lương, đồng/tháng
A31: LEAD | B31: Trưởng nhóm, kiến trúc sư | C31: 51000000
A32: BACKEND | B32: Kỹ sư backend | C32: 30000000
A33: FRONTEND | B33: Kỹ sư frontend | C33: 28000000
A34: BAQA | B34: Phân tích nghiệp vụ, kiểm thử | C34: 27000000
A35: SA_BA | B35: Kiến trúc sư kiêm phân tích nghiệp vụ | C35: 47000000
A36: TESTER | B36: Kỹ sư kiểm thử | C36: 24000000

Sheet WBS_MD
A1: Mã gói | B1: Tên gói | C1: Loại | D1: MD | E1: Nhóm mức 1 | F1: Chi phí A của gói, đồng
A2: 1.1.1 | B2: Họp khởi động, xác nhận phạm vi, điều kiện tiền đề, vai trò và trách nhiệm các bên | C2: PM | D2: 2 | E2: 1 | F2: =D2/Tham_so!$B$4*INDEX(Tham_so!$C$23:$C$27,MATCH(C2,Tham_so!$A$23:$A$27,0)) -> 5500000
A3: 1.1.2 | B3: Họp tiến độ hằng tuần, trình diễn và báo cáo cuối sprint, phần phân hệ quản lý sản phẩm | C3: PM | D3: 4 | E3: 1 | F3: =D3/Tham_so!$B$4*INDEX(Tham_so!$C$23:$C$27,MATCH(C3,Tham_so!$A$23:$A$27,0)) -> 11000000
A4: 1.1.3 | B4: Quản lý rủi ro, vấn đề và yêu cầu thay đổi đặc tả, phần phân hệ quản lý sản phẩm | C4: PM | D4: 3 | E4: 1 | F4: =D4/Tham_so!$B$4*INDEX(Tham_so!$C$23:$C$27,MATCH(C4,Tham_so!$A$23:$A$27,0)) -> 8250000
A5: 1.1.4 | B5: Quản lý cấu hình, phiên bản tài liệu, hồ sơ dự án, hồ sơ nghiệm thu và thanh toán, phần phân hệ quản lý sản phẩm | C5: PM | D5: 3 | E5: 1 | F5: =D5/Tham_so!$B$4*INDEX(Tham_so!$C$23:$C$27,MATCH(C5,Tham_so!$A$23:$A$27,0)) -> 8250000
A6: 1.1.5 | B6: Báo cáo tổng kết, bài học kinh nghiệm và bàn giao hồ sơ dự án | C6: PM | D6: 2 | E6: 1 | F6: =D6/Tham_so!$B$4*INDEX(Tham_so!$C$23:$C$27,MATCH(C6,Tham_so!$A$23:$A$27,0)) -> 5500000
A7: 1.2.1 | B7: Đặc tả chức năng (Function) tìm kiếm và hiển thị sản phẩm | C7: BA | D7: 4 | E7: 1 | F7: =D7/Tham_so!$B$4*INDEX(Tham_so!$C$23:$C$27,MATCH(C7,Tham_so!$A$23:$A$27,0)) -> 8600000
A8: 1.2.2 | B8: Sơ đồ phân cấp menu (Menu Layer) | C8: BA | D8: 3 | E8: 1 | F8: =D8/Tham_so!$B$4*INDEX(Tham_so!$C$23:$C$27,MATCH(C8,Tham_so!$A$23:$A$27,0)) -> 6450000
A9: 1.2.3 | B9: Thiết kế giao diện ưu tiên trang chủ, tìm kiếm và chi tiết sản phẩm | C9: DEV | D9: 4 | E9: 1 | F9: =D9/Tham_so!$B$4*INDEX(Tham_so!$C$23:$C$27,MATCH(C9,Tham_so!$A$23:$A$27,0)) -> 8400000
A10: 1.2.4 | B10: Thư viện thành phần giao diện dùng chung, tương thích thiết bị di động | C10: DEV | D10: 4 | E10: 1 | F10: =D10/Tham_so!$B$4*INDEX(Tham_so!$C$23:$C$27,MATCH(C10,Tham_so!$A$23:$A$27,0)) -> 8400000
A11: 1.2.5 | B11: Đặc tả use case tìm kiếm, lọc và sắp xếp sản phẩm | C11: BA | D11: 5 | E11: 1 | F11: =D11/Tham_so!$B$4*INDEX(Tham_so!$C$23:$C$27,MATCH(C11,Tham_so!$A$23:$A$27,0)) -> 10750000
A12: 1.2.6 | B12: Đặc tả use case trang chủ, danh mục và chi tiết sản phẩm | C12: BA | D12: 3 | E12: 1 | F12: =D12/Tham_so!$B$4*INDEX(Tham_so!$C$23:$C$27,MATCH(C12,Tham_so!$A$23:$A$27,0)) -> 6450000
A13: 1.2.7 | B13: Thiết kế chi tiết tìm kiếm, lọc, sắp xếp và chỉ mục tìm kiếm | C13: DEV | D13: 5 | E13: 1 | F13: =D13/Tham_so!$B$4*INDEX(Tham_so!$C$23:$C$27,MATCH(C13,Tham_so!$A$23:$A$27,0)) -> 10500000
... A174: 5.5.3 | B174: Bàn giao mã nguồn, tài liệu kỹ thuật và danh mục thư viện phần bán hàng trên sàn thương mại điện tử | C174: DEV | D174: 1 | E174: 5 | F174: =D174/Tham_so!$B$4*INDEX(Tham_so!$C$23:$C$27,MATCH(C174,Tham_so!$A$23:$A$27,0)) -> 2100000

Sheet Nhan_cong
A1: Loại công việc | B1: Tên | C1: MD | D1: Người-tháng | E1: Đơn giá, đồng/người-tháng | F1: Thành tiền, đồng
A2: PM | B2: Quản lý dự án | C2: =SUMIFS(WBS_MD!$D:$D,WBS_MD!$C:$C,A2) -> 52 | D2: =C2/Tham_so!$B$4 -> 2.6 | E2: =INDEX(Tham_so!$C$23:$C$27,MATCH(A2,Tham_so!$A$23:$A$27,0)) -> 55000000 | F2: =D2*E2 -> 143000000
A3: BA | B3: Phân tích nghiệp vụ, kiến trúc | C3: =SUMIFS(WBS_MD!$D:$D,WBS_MD!$C:$C,A3) -> 103 | D3: =C3/Tham_so!$B$4 -> 5.15 | E3: =INDEX(Tham_so!$C$23:$C$27,MATCH(A3,Tham_so!$A$23:$A$27,0)) -> 43000000 | F3: =D3*E3 -> 221450000
A4: QA | B4: Kiểm thử, bảo đảm chất lượng | C4: =SUMIFS(WBS_MD!$D:$D,WBS_MD!$C:$C,A4) -> 177 | D4: =C4/Tham_so!$B$4 -> 8.85 | E4: =INDEX(Tham_so!$C$23:$C$27,MATCH(A4,Tham_so!$A$23:$A$27,0)) -> 40000000 | F4: =D4*E4 -> 354000000
A5: DEV | B5: Phát triển phần mềm | C5: =SUMIFS(WBS_MD!$D:$D,WBS_MD!$C:$C,A5) -> 359 | D5: =C5/Tham_so!$B$4 -> 17.95 | E5: =INDEX(Tham_so!$C$23:$C$27,MATCH(A5,Tham_so!$A$23:$A$27,0)) -> 42000000 | F5: =D5*E5 -> 753900000
A6: DEVOPS | B6: Triển khai và vận hành | C6: =SUMIFS(WBS_MD!$D:$D,WBS_MD!$C:$C,A6) -> 42 | D6: =C6/Tham_so!$B$4 -> 2.1 | E6: =INDEX(Tham_so!$C$23:$C$27,MATCH(A6,Tham_so!$A$23:$A$27,0)) -> 52000000 | F6: =D6*E6 -> 109200000
B7: A. Tổng nhân công | C7: =SUM(C2:C6) -> 733 | D7: =SUM(D2:D6) -> 36.65 | F7: =SUM(F2:F6) -> 1581550000

Sheet Chi_phi_khac
A1: Mã | B1: Khoản mục | C1: Số tiền, đồng | D1: Căn cứ
A2: B1 | B2: Môi trường phát triển, kiểm thử và công cụ | C2: 60000000 | D2: Ước tính của nhà thầu
A3: B2 | B3: Bảo hành 12 tháng và hỗ trợ tăng cường sau cut over | C3: 40000000 | D3: Ước tính của nhà thầu
A4: B3 | B4: Dự phòng rủi ro | C4: 50000000 | D4: Kế hoạch quản lý rủi ro, quyết định của nhóm ngày 18/10/2026
B5: B. Tổng chi phí khác | C5: =SUM(C2:C4) -> 150000000

Sheet Doi_chieu_nguoi
A1: Mã | B1: Họ tên | C1: Nhóm | D1: Vai trò lương | E1: Lương tham chiếu, đồng/tháng | F1: Đơn giá ngày gồm bảo hiểm | G1: MD huy động | H1: MD công việc giao | I1: MD tính lương | J1: Chi phí lương kế hoạch, đồng | K1: Lương của ngày huy động, đồng
A2: dat | B2: Trần Bá Đạt | C2: Thành viên nhóm | D2: LEAD | E2: =INDEX(Tham_so!$C$31:$C$36,MATCH(D2,Tham_so!$A$31:$A$36,0)) -> 51000000 | F2: =E2*Tham_so!$B$5/Tham_so!$B$6 -> 2862954.5 | G2: =SUMIFS(Huy_dong_luong!$C:$C,Huy_dong_luong!$A:$A,A2) -> 86 | H2: =SUMIFS(Phan_bo_luong!$C:$C,Phan_bo_luong!$A:$A,A2) -> 66.33 | I2: =IF(Tham_so!$B$19="cong_suc",H2,G2) -> 66.33 | J2: =F2*I2 -> 189899775 | K2: =F2*G2 -> 2.4621409e+08
A3: tuananh | B3: Phạm Tuấn Anh | C3: Thành viên nhóm | D3: BACKEND | E3: =INDEX(Tham_so!$C$31:$C$36,MATCH(D3,Tham_so!$A$31:$A$36,0)) -> 30000000 | F3: =E3*Tham_so!$B$5/Tham_so!$B$6 -> 1684090.9 | G3: =SUMIFS(Huy_dong_luong!$C:$C,Huy_dong_luong!$A:$A,A3) -> 69 | H3: =SUMIFS(Phan_bo_luong!$C:$C,Phan_bo_luong!$A:$A,A3) -> 50 | I3: =IF(Tham_so!$B$19="cong_suc",H3,G3) -> 50 | J3: =F3*I3 -> 84204545 | K3: =F3*G3 -> 1.1620227e+08
A4: minh | B4: Vũ Đức Minh | C4: Thành viên nhóm | D4: FRONTEND | E4: =INDEX(Tham_so!$C$31:$C$36,MATCH(D4,Tham_so!$A$31:$A$36,0)) -> 28000000 | F4: =E4*Tham_so!$B$5/Tham_so!$B$6 -> 1571818.2 | G4: =SUMIFS(Huy_dong_luong!$C:$C,Huy_dong_luong!$A:$A,A4) -> 71 | H4: =SUMIFS(Phan_bo_luong!$C:$C,Phan_bo_luong!$A:$A,A4) -> 58 | I4: =IF(Tham_so!$B$19="cong_suc",H4,G4) -> 58 | J4: =F4*I4 -> 91165455 | K4: =F4*G4 -> 1.1159909e+08
A5: toan | B5: Ninh Đức Toàn | C5: Thành viên nhóm | D5: BACKEND | E5: =INDEX(Tham_so!$C$31:$C$36,MATCH(D5,Tham_so!$A$31:$A$36,0)) -> 30000000 | F5: =E5*Tham_so!$B$5/Tham_so!$B$6 -> 1684090.9 | G5: =SUMIFS(Huy_dong_luong!$C:$C,Huy_dong_luong!$A:$A,A5) -> 76 | H5: =SUMIFS(Phan_bo_luong!$C:$C,Phan_bo_luong!$A:$A,A5) -> 66.5 | I5: =IF(Tham_so!$B$19="cong_suc",H5,G5) -> 66.5 | J5: =F5*I5 -> 1.1199205e+08 | K5: =F5*G5 -> 1.2799091e+08
A6: lien | B6: Nguyễn Thị Phương Liên | C6: Thành viên nhóm | D6: BAQA | E6: =INDEX(Tham_so!$C$31:$C$36,MATCH(D6,Tham_so!$A$31:$A$36,0)) -> 27000000 | F6: =E6*Tham_so!$B$5/Tham_so!$B$6 -> 1515681.8 | G6: =SUMIFS(Huy_dong_luong!$C:$C,Huy_dong_luong!$A:$A,A6) -> 83 | H6: =SUMIFS(Phan_bo_luong!$C:$C,Phan_bo_luong!$A:$A,A6) -> 72.5 | I6: =IF(Tham_so!$B$19="cong_suc",H6,G6) -> 72.5 | J6: =F6*I6 -> 1.0988693e+08 | K6: =F6*G6 -> 1.2580159e+08
A7: K | B7: Nguyễn Hoàng Nam | C7: Vị trí bổ sung | D7: SA_BA | E7: =INDEX(Tham_so!$C$31:$C$36,MATCH(D7,Tham_so!$A$31:$A$36,0)) -> 47000000 | F7: =E7*Tham_so!$B$5/Tham_so!$B$6 -> 2638409.1 | G7: =SUMIFS(Huy_dong_luong!$C:$C,Huy_dong_luong!$A:$A,A7) -> 80 | H7: =SUMIFS(Phan_bo_luong!$C:$C,Phan_bo_luong!$A:$A,A7) -> 70.67 | I7: =IF(Tham_so!$B$19="cong_suc",H7,G7) -> 70.67 | J7: =F7*I7 -> 1.8645637e+08 | K7: =F7*G7 -> 2.1107273e+08
A8: D1 | B8: Lê Quang Huy | C8: Vị trí bổ sung | D8: BACKEND | E8: =INDEX(Tham_so!$C$31:$C$36,MATCH(D8,Tham_so!$A$31:$A$36,0)) -> 30000000 | F8: =E8*Tham_so!$B$5/Tham_so!$B$6 -> 1684090.9 | G8: =SUMIFS(Huy_dong_luong!$C:$C,Huy_dong_luong!$A:$A,A8) -> 85 | H8: =SUMIFS(Phan_bo_luong!$C:$C,Phan_bo_luong!$A:$A,A8) -> 67.5 | I8: =IF(Tham_so!$B$19="cong_suc",H8,G8) -> 67.5 | J8: =F8*I8 -> 1.1367614e+08 | K8: =F8*G8 -> 1.4314773e+08
A9: D2 | B9: Đỗ Minh Quân | C9: Vị trí bổ sung | D9: BACKEND | E9: =INDEX(Tham_so!$C$31:$C$36,MATCH(D9,Tham_so!$A$31:$A$36,0)) -> 30000000 | F9: =E9*Tham_so!$B$5/Tham_so!$B$6 -> 1684090.9 | G9: =SUMIFS(Huy_dong_luong!$C:$C,Huy_dong_luong!$A:$A,A9) -> 77 | H9: =SUMIFS(Phan_bo_luong!$C:$C,Phan_bo_luong!$A:$A,A9) -> 64 | I9: =IF(Tham_so!$B$19="cong_suc",H9,G9) -> 64 | J9: =F9*I9 -> 1.0778182e+08 | K9: =F9*G9 -> 129675000
A10: D3 | B10: Bùi Anh Tuấn | C10: Vị trí bổ sung | D10: BACKEND | E10: =INDEX(Tham_so!$C$31:$C$36,MATCH(D10,Tham_so!$A$31:$A$36,0)) -> 30000000 | F10: =E10*Tham_so!$B$5/Tham_so!$B$6 -> 1684090.9 | G10: =SUMIFS(Huy_dong_luong!$C:$C,Huy_dong_luong!$A:$A,A10) -> 86 | H10: =SUMIFS(Phan_bo_luong!$C:$C,Phan_bo_luong!$A:$A,A10) -> 59.5 | I10: =IF(Tham_so!$B$19="cong_suc",H10,G10) -> 59.5 | J10: =F10*I10 -> 1.0020341e+08 | K10: =F10*G10 -> 1.4483182e+08
A11: Q1 | B11: Trần Thu Hà | C11: Vị trí bổ sung | D11: TESTER | E11: =INDEX(Tham_so!$C$31:$C$36,MATCH(D11,Tham_so!$A$31:$A$36,0)) -> 24000000 | F11: =E11*Tham_so!$B$5/Tham_so!$B$6 -> 1347272.7 | G11: =SUMIFS(Huy_dong_luong!$C:$C,Huy_dong_luong!$A:$A,A11) -> 70 | H11: =SUMIFS(Phan_bo_luong!$C:$C,Phan_bo_luong!$A:$A,A11) -> 49.5 | I11: =IF(Tham_so!$B$19="cong_suc",H11,G11) -> 49.5 | J11: =F11*I11 -> 66690000 | K11: =F11*G11 -> 94309091
A12: Q2 | B12: Phạm Ngọc Anh | C12: Vị trí bổ sung | D12: TESTER | E12: =INDEX(Tham_so!$C$31:$C$36,MATCH(D12,Tham_so!$A$31:$A$36,0)) -> 24000000 | F12: =E12*Tham_so!$B$5/Tham_so!$B$6 -> 1347272.7 | G12: =SUMIFS(Huy_dong_luong!$C:$C,Huy_dong_luong!$A:$A,A12) -> 63 | H12: =SUMIFS(Phan_bo_luong!$C:$C,Phan_bo_luong!$A:$A,A12) -> 50 | I12: =IF(Tham_so!$B$19="cong_suc",H12,G12) -> 50 | J12: =F12*I12 -> 67363636 | K12: =F12*G12 -> 84878182
A13: D4 | B13: Trương Quốc Việt | C13: Vị trí bổ sung | D13: BACKEND | E13: =INDEX(Tham_so!$C$31:$C$36,MATCH(D13,Tham_so!$A$31:$A$36,0)) -> 30000000 | F13: =E13*Tham_so!$B$5/Tham_so!$B$6 -> 1684090.9 | G13: =SUMIFS(Huy_dong_luong!$C:$C,Huy_dong_luong!$A:$A,A13) -> 62 | H13: =SUMIFS(Phan_bo_luong!$C:$C,Phan_bo_luong!$A:$A,A13) -> 58.5 | I13: =IF(Tham_so!$B$19="cong_suc",H13,G13) -> 58.5 | J13: =F13*I13 -> 98519318 | K13: =F13*G13 -> 1.0441364e+08
B14: Tổng | G14: =SUM(G2:G13) -> 908 | H14: =SUM(H2:H13) -> 733 | I14: =SUM(I2:I13) -> 733 | J14: =SUM(J2:J13) -> 1.3278394e+09 | K14: =SUM(K2:K13) -> 1.6401361e+09
B15: Chênh lệch dòng A so với chi phí lương kế hoạch theo người | J15: =Nhan_cong!$F$7-J14 -> 2.5371056e+08
B16: Năng suất tối thiểu để dòng A đủ chi trả | J16: =IF(Nhan_cong!$F$7=0,0,J14/Nhan_cong!$F$7) -> 0.83958107
B17: MD tính lương hòa vốn (dòng A chia lương bình quân mỗi MD tính lương) | J17: =IF(J14=0,0,Nhan_cong!$F$7/(J14/I14)) -> 873.05446
B18: Năng lực: tỷ lệ sử dụng quỹ huy động (MD WBS chia MD huy động) | J18: =IF(G14=0,0,Nhan_cong!$C$7/G14) -> 0.80726872
B19: Năng lực: MD huy động hòa vốn (dòng A chia lương bình quân mỗi MD huy động) | J19: =IF(K14=0,0,Nhan_cong!$F$7/(K14/G14)) -> 875.56598
B20: Năng lực: tỷ lệ sử dụng hòa vốn khi trả theo huy động | J20: =IF(J19=0,0,Nhan_cong!$C$7/J19) -> 0.83717278
A22: MD tính lương theo cách trả lương ở sheet Tham_so. Lương của ngày huy động dùng để theo dõi năng lực, chỉ là chi phí khi trả theo huy động.

Sheet Goi_01A
A1: Mã gói | B1: Hạng mục Mẫu 01A | C1: Tỷ lệ chia | D1: Chi phí A phân bổ, đồng
A2: 1.1.1 | B2: 1 | C2: 1 | D2: =INDEX(WBS_MD!$F$2:$F$174,MATCH(A2,WBS_MD!$A$2:$A$174,0))*C2 -> 5500000
A3: 1.1.2 | B3: 1 | C3: 0.076923077 | D3: =INDEX(WBS_MD!$F$2:$F$174,MATCH(A3,WBS_MD!$A$2:$A$174,0))*C3 -> 846153.85
A4: 1.1.2 | B4: 2 | C4: 0.076923077 | D4: =INDEX(WBS_MD!$F$2:$F$174,MATCH(A4,WBS_MD!$A$2:$A$174,0))*C4 -> 846153.85
A5: 1.1.2 | B5: 3 | C5: 0.076923077 | D5: =INDEX(WBS_MD!$F$2:$F$174,MATCH(A5,WBS_MD!$A$2:$A$174,0))*C5 -> 846153.85
A6: 1.1.2 | B6: 4 | C6: 0.076923077 | D6: =INDEX(WBS_MD!$F$2:$F$174,MATCH(A6,WBS_MD!$A$2:$A$174,0))*C6 -> 846153.85
A7: 1.1.2 | B7: 5 | C7: 0.076923077 | D7: =INDEX(WBS_MD!$F$2:$F$174,MATCH(A7,WBS_MD!$A$2:$A$174,0))*C7 -> 846153.85
A8: 1.1.2 | B8: 6 | C8: 0.076923077 | D8: =INDEX(WBS_MD!$F$2:$F$174,MATCH(A8,WBS_MD!$A$2:$A$174,0))*C8 -> 846153.85
A9: 1.1.2 | B9: 7 | C9: 0.076923077 | D9: =INDEX(WBS_MD!$F$2:$F$174,MATCH(A9,WBS_MD!$A$2:$A$174,0))*C9 -> 846153.85
A10: 1.1.2 | B10: 8 | C10: 0.076923077 | D10: =INDEX(WBS_MD!$F$2:$F$174,MATCH(A10,WBS_MD!$A$2:$A$174,0))*C10 -> 846153.85
A11: 1.1.2 | B11: 9 | C11: 0.076923077 | D11: =INDEX(WBS_MD!$F$2:$F$174,MATCH(A11,WBS_MD!$A$2:$A$174,0))*C11 -> 846153.85
A12: 1.1.2 | B12: 10 | C12: 0.076923077 | D12: =INDEX(WBS_MD!$F$2:$F$174,MATCH(A12,WBS_MD!$A$2:$A$174,0))*C12 -> 846153.85
A13: 1.1.2 | B13: 11 | C13: 0.076923077 | D13: =INDEX(WBS_MD!$F$2:$F$174,MATCH(A13,WBS_MD!$A$2:$A$174,0))*C13 -> 846153.85
... A340: 5.5.3 | B340: 12 | C340: 1 | D340: =INDEX(WBS_MD!$F$2:$F$174,MATCH(A340,WBS_MD!$A$2:$A$174,0))*C340 -> 2100000

Sheet Mau_11A
A1: Phân bổ giá hợp đồng hiện hành theo hạng mục Mẫu 01A (Mẫu 11A của HSDT đã khóa, giữ giá dự thầu ban đầu)
A3: STT | B3: Danh mục dịch vụ | C3: Khối lượng | D3: Đơn vị | E3: Chi phí A phân bổ, đồng | F3: Thành tiền, đồng
A4: 1 | B4: Phân tích hệ thống và lập đặc tả hệ thống (Specification) | C4: 1 | D4: Gói | E4: =SUMIFS(Goi_01A!$D:$D,Goi_01A!$B:$B,A4) -> 1.4170865e+08 | F4: =ROUND(E4/Nhan_cong!$F$7*Tong_hop!$B$8,0) -> 174634798
A5: 2 | B5: Thiết kế quy trình vận hành mới (New Operational Flow) | C5: 1 | D5: Gói | E5: =SUMIFS(Goi_01A!$D:$D,Goi_01A!$B:$B,A5) -> 17933654 | F5: =ROUND(E5/Nhan_cong!$F$7*Tong_hop!$B$8,0) -> 22100556
A6: 3 | B6: Thiết kế cấu trúc cơ sở dữ liệu (Database Structure) của Selling DB | C6: 1 | D6: Gói | E6: =SUMIFS(Goi_01A!$D:$D,Goi_01A!$B:$B,A6) -> 19833654 | F6: =ROUND(E6/Nhan_cong!$F$7*Tong_hop!$B$8,0) -> 24442023
A7: 4 | B7: Thiết kế sơ đồ phân cấp menu (Menu Layer) và giao diện ưu tiên | C7: 1 | D7: Gói | E7: =SUMIFS(Goi_01A!$D:$D,Goi_01A!$B:$B,A7) -> 45183654 | F7: =ROUND(E7/Nhan_cong!$F$7*Tong_hop!$B$8,0) -> 55682120
A8: 5 | B8: Xây dựng chức năng tìm kiếm sản phẩm (Product Search) | C8: 1 | D8: Gói | E8: =SUMIFS(Goi_01A!$D:$D,Goi_01A!$B:$B,A8) -> 2.0978115e+08 | F8: =ROUND(E8/Nhan_cong!$F$7*Tong_hop!$B$8,0) -> 258524009
A9: 6 | B9: Xây dựng chức năng quản lý thành viên (Member Administration) | C9: 1 | D9: Gói | E9: =SUMIFS(Goi_01A!$D:$D,Goi_01A!$B:$B,A9) -> 2.0653115e+08 | F9: =ROUND(E9/Nhan_cong!$F$7*Tong_hop!$B$8,0) -> 254518868
A10: 7 | B10: Xây dựng chức năng đặt hàng (Order) | C10: 1 | D10: Gói | E10: =SUMIFS(Goi_01A!$D:$D,Goi_01A!$B:$B,A10) -> 3.1078115e+08 | F10: =ROUND(E10/Nhan_cong!$F$7*Tong_hop!$B$8,0) -> 382991457
A11: 8 | B11: Xây dựng cơ sở dữ liệu bán hàng (Selling DB) | C11: 1 | D11: Gói | E11: =SUMIFS(Goi_01A!$D:$D,Goi_01A!$B:$B,A11) -> 28931154 | F11: =ROUND(E11/Nhan_cong!$F$7*Tong_hop!$B$8,0) -> 35653336
A12: 9 | B12: Tích hợp với hệ thống chính (Main System) | C12: 1 | D12: Gói | E12: =SUMIFS(Goi_01A!$D:$D,Goi_01A!$B:$B,A12) -> 1.6853115e+08 | F12: =ROUND(E12/Nhan_cong!$F$7*Tong_hop!$B$8,0) -> 207689531
A13: 10 | B13: Kiểm thử hệ thống | C13: 1 | D13: Gói | E13: =SUMIFS(Goi_01A!$D:$D,Goi_01A!$B:$B,A13) -> 1.3382115e+08 | F13: =ROUND(E13/Nhan_cong!$F$7*Tong_hop!$B$8,0) -> 164914629
A14: 11 | B14: Kiểm thử vận hành (Operation Test) | C14: 1 | D14: Gói | E14: =SUMIFS(Goi_01A!$D:$D,Goi_01A!$B:$B,A14) -> 1.2112115e+08 | F14: =ROUND(E14/Nhan_cong!$F$7*Tong_hop!$B$8,0) -> 149263772
A15: 12 | B15: Chuyển giao và hướng dẫn vận hành hệ thống | C15: 1 | D15: Gói | E15: =SUMIFS(Goi_01A!$D:$D,Goi_01A!$B:$B,A15) -> 65071154 | F15: =ROUND(E15/Nhan_cong!$F$7*Tong_hop!$B$8,0) -> 80190500
A16: 13 | B16: Hỗ trợ đưa hệ thống vào vận hành (cut over) | C16: 1 | D16: Gói | E16: =SUMIFS(Goi_01A!$D:$D,Goi_01A!$B:$B,A16) -> 1.1232115e+08 | F16: =Tong_hop!$B$8-SUM(F4:F15) -> 138419083
B17: Tổng cộng | E17: =SUM(E4:E16) -> 1581550000 | F17: =SUM(F4:F16) -> 1949024682
A19: Thành tiền phân bổ theo tỷ trọng chi phí nhân công của hạng mục. Dòng cuối nhận phần làm tròn để tổng bằng đúng giá chào.

Sheet Theo_nhom
A1: Mã nhóm | B1: Nhóm WBS mức 1 | C1: MD | D1: Chi phí A, đồng | E1: Giá phân bổ, đồng
A2: 1 | B2: Phân hệ quản lý sản phẩm | C2: =SUMIFS(WBS_MD!$D:$D,WBS_MD!$E:$E,A2) -> 151 | D2: =SUMIFS(WBS_MD!$F:$F,WBS_MD!$E:$E,A2) -> 327600000 | E2: =ROUND(D2/Nhan_cong!$F$7*Tong_hop!$B$8,0) -> 403718179
A3: 2 | B3: Phân hệ quản lý khách hàng (thành viên) | C3: =SUMIFS(WBS_MD!$D:$D,WBS_MD!$E:$E,A3) -> 147.5 | D3: =SUMIFS(WBS_MD!$F:$F,WBS_MD!$E:$E,A3) -> 314975000 | E3: =ROUND(D3/Nhan_cong!$F$7*Tong_hop!$B$8,0) -> 388159748
A4: 3 | B4: Phân hệ quản lý đơn hàng (đặt hàng) | C4: =SUMIFS(WBS_MD!$D:$D,WBS_MD!$E:$E,A4) -> 207.5 | D4: =SUMIFS(WBS_MD!$F:$F,WBS_MD!$E:$E,A4) -> 445075000 | E4: =ROUND(D4/Nhan_cong!$F$7*Tong_hop!$B$8,0) -> 548488609
A5: 4 | B5: Phân hệ tích hợp hệ thống | C5: =SUMIFS(WBS_MD!$D:$D,WBS_MD!$E:$E,A5) -> 152 | D5: =SUMIFS(WBS_MD!$F:$F,WBS_MD!$E:$E,A5) -> 334400000 | E5: =ROUND(D5/Nhan_cong!$F$7*Tong_hop!$B$8,0) -> 412098166
A6: 5 | B6: Bán hàng trên sàn thương mại điện tử | C6: =SUMIFS(WBS_MD!$D:$D,WBS_MD!$E:$E,A6) -> 75 | D6: =SUMIFS(WBS_MD!$F:$F,WBS_MD!$E:$E,A6) -> 159500000 | E6: =Tong_hop!$B$8-SUM(E2:E5) -> 196559980
B7: Tổng cộng | C7: =SUM(C2:C6) -> 733 | D7: =SUM(D2:D6) -> 1581550000 | E7: =SUM(E2:E6) -> 1949024682
A9: Chi phí A của nhóm cộng từ sheet WBS_MD theo cột Nhóm mức 1. Giá phân bổ theo tỷ trọng chi phí A của nhóm, dòng cuối nhận phần làm tròn để tổng bằng đúng giá chào.

Sheet Dong_tien
A1: Đợt | B1: Tỷ lệ | C1: Sự kiện | D1: Sprint thu | E1: Ngày thu dự kiến | F1: Số tiền, đồng | G1: Ngày sự kiện | H1: Giá làm cơ sở, đồng | I1: Cơ sở
A2: 1 | B2: 0.15 | C2: tạm ứng | D2: S2 | E2: =IF(G2="","",G2+Tham_so!$B$10) -> 46479 | F2: =B2*H2 -> 262500000 | G2: 46464 | H2: =Tong_hop!$B$8-Tham_so!$B$15 -> 1750000000 | I2: Giá hợp đồng ban đầu
A3: 2 | B3: 0.25 | C3: hai bên xác nhận đặc tả yêu cầu (baseline) và giao diện ưu tiên | D3: S5 | E3: =IF(G3="","",G3+Tham_so!$B$10) -> 46528 | F3: =B3*H3 -> 437500000 | G3: 46513 | H3: =Tong_hop!$B$8-Tham_so!$B$15 -> 1750000000 | I3: Giá hợp đồng ban đầu
A4: 3 | B4: 0.3 | C4: hoàn thành các chức năng chính của hệ thống và tích hợp với các hệ thống liên quan | D4: S9 | E4: =IF(G4="","",G4+Tham_so!$B$10) -> 46591 | F4: =B4*H4 -> 525000000 | G4: 46576 | H4: =Tong_hop!$B$8-Tham_so!$B$15 -> 1750000000 | I4: Giá hợp đồng ban đầu
A5: 4 | B5: 0.25 | C5: hệ thống đưa vào vận hành và được nghiệm thu | D5: Sau cut over | E5: =IF(G5="","",G5+Tham_so!$B$10) -> 46612 | F5: =B5*H5 -> 437500000 | G5: 46597 | H5: =Tong_hop!$B$8-Tham_so!$B$15 -> 1750000000 | I5: Giá hợp đồng ban đầu
A6: 5 | B6: 0.05 | C6: nhà thầu nộp bảo lãnh bảo hành | D6: Sau cut over | E6: =IF(G6="","",G6+Tham_so!$B$10) -> 46612 | F6: =B6*H6 -> 87500000 | G6: 46597 | H6: =Tong_hop!$B$8-Tham_so!$B$15 -> 1750000000 | I6: Giá hợp đồng ban đầu
A7: 6 | B7: 1 | C7: Chủ đầu tư nghiệm thu phần bán hàng trên sàn thương mại điện tử theo yêu cầu thay đổi CR01 | D7: Sau cut over | E7: =IF(G7="","",G7+Tham_so!$B$10) -> 46610 | F7: =B7*H7 -> 199024682 | G7: 46595 | H7: =Tham_so!$B$15 -> 199024682 | I7: Giá điều chỉnh CR01 theo 01/2027/PL-ABCW
A9: Ngày thu dự kiến = ngày sự kiện + 15 ngày (thời hạn thanh toán theo HSMT). Lũy kế chi tính theo cách trả lương ở sheet Tham_so, cộng chi phí khác theo kỳ chi (dự phòng rủi ro không đưa vào dòng chi). Đợt gốc tính trên giá hợp đồng ban đầu khi phụ lục có đợt thanh toán riêng, đợt đã thu trước ngày phụ lục không tính lại.
A10: Sprint | B10: Chi lương theo MD công việc | C10: Chi lương theo huy động | D10: Thu theo đợt | E10: Lũy kế chi (theo cách trả lương, cộng chi phí khác) | F10: Lũy kế thu | G10: Chênh lệch lũy kế | H10: Chi phí khác (không gồm dự phòng)
A11: S1 | B11: =SUMIFS(Phan_bo_luong!$E:$E,Phan_bo_luong!$F:$F,A11) -> 1.0828985e+08 | C11: =SUMIFS(Huy_dong_luong!$E:$E,Huy_dong_luong!$F:$F,A11) -> 1.5325227e+08 | D11: =SUMIFS($F$2:$F$7,$D$2:$D$7,A11) -> 0 | E11: =IF(Tham_so!$B$19="cong_suc",B11,C11)+H11 -> 1.2328985e+08 | F11: =D11 -> 0 | G11: =F11-E11 -> -1.2328985e+08 | H11: 15000000
A12: S2 | B12: =SUMIFS(Phan_bo_luong!$E:$E,Phan_bo_luong!$F:$F,A12) -> 1.3598417e+08 | C12: =SUMIFS(Huy_dong_luong!$E:$E,Huy_dong_luong!$F:$F,A12) -> 1.8356591e+08 | D12: =SUMIFS($F$2:$F$7,$D$2:$D$7,A12) -> 262500000 | E12: =IF(Tham_so!$B$19="cong_suc",B12,C12)+H12+E11 -> 2.6677402e+08 | F12: =D12+F11 -> 262500000 | G12: =F12-E12 -> -4274018.2 | H12: 7500000
A13: S3 | B13: =SUMIFS(Phan_bo_luong!$E:$E,Phan_bo_luong!$F:$F,A13) -> 2.3207559e+08 | C13: =SUMIFS(Huy_dong_luong!$E:$E,Huy_dong_luong!$F:$F,A13) -> 2.7804341e+08 | D13: =SUMIFS($F$2:$F$7,$D$2:$D$7,A13) -> 0 | E13: =IF(Tham_so!$B$19="cong_suc",B13,C13)+H13+E12 -> 5.063496e+08 | F13: =D13+F12 -> 262500000 | G13: =F13-E13 -> -2.438496e+08 | H13: 7500000
A14: S4 | B14: =SUMIFS(Phan_bo_luong!$E:$E,Phan_bo_luong!$F:$F,A14) -> 2.0266069e+08 | C14: =SUMIFS(Huy_dong_luong!$E:$E,Huy_dong_luong!$F:$F,A14) -> 2.1387955e+08 | D14: =SUMIFS($F$2:$F$7,$D$2:$D$7,A14) -> 0 | E14: =IF(Tham_so!$B$19="cong_suc",B14,C14)+H14+E13 -> 7.165103e+08 | F14: =D14+F13 -> 262500000 | G14: =F14-E14 -> -4.540103e+08 | H14: 7500000
A15: S5 | B15: =SUMIFS(Phan_bo_luong!$E:$E,Phan_bo_luong!$F:$F,A15) -> 1.652531e+08 | C15: =SUMIFS(Huy_dong_luong!$E:$E,Huy_dong_luong!$F:$F,A15) -> 2.1387955e+08 | D15: =SUMIFS($F$2:$F$7,$D$2:$D$7,A15) -> 437500000 | E15: =IF(Tham_so!$B$19="cong_suc",B15,C15)+H15+E14 -> 8.892634e+08 | F15: =D15+F14 -> 700000000 | G15: =F15-E15 -> -1.892634e+08 | H15: 7500000
A16: S6 | B16: =SUMIFS(Phan_bo_luong!$E:$E,Phan_bo_luong!$F:$F,A16) -> 1.6157393e+08 | C16: =SUMIFS(Huy_dong_luong!$E:$E,Huy_dong_luong!$F:$F,A16) -> 2.1387955e+08 | D16: =SUMIFS($F$2:$F$7,$D$2:$D$7,A16) -> 0 | E16: =IF(Tham_so!$B$19="cong_suc",B16,C16)+H16+E15 -> 1.0583373e+09 | F16: =D16+F15 -> 700000000 | G16: =F16-E16 -> -3.5833733e+08 | H16: 7500000
A17: S7 | B17: =SUMIFS(Phan_bo_luong!$E:$E,Phan_bo_luong!$F:$F,A17) -> 1.0354465e+08 | C17: =SUMIFS(Huy_dong_luong!$E:$E,Huy_dong_luong!$F:$F,A17) -> 1.1738114e+08 | D17: =SUMIFS($F$2:$F$7,$D$2:$D$7,A17) -> 0 | E17: =IF(Tham_so!$B$19="cong_suc",B17,C17)+H17+E16 -> 1169381975 | F17: =D17+F16 -> 700000000 | G17: =F17-E17 -> -469381975 | H17: 7500000
A18: S8 | B18: =SUMIFS(Phan_bo_luong!$E:$E,Phan_bo_luong!$F:$F,A18) -> 81623957 | C18: =SUMIFS(Huy_dong_luong!$E:$E,Huy_dong_luong!$F:$F,A18) -> 1.0475045e+08 | D18: =SUMIFS($F$2:$F$7,$D$2:$D$7,A18) -> 0 | E18: =IF(Tham_so!$B$19="cong_suc",B18,C18)+H18+E17 -> 1.2510059e+09 | F18: =D18+F17 -> 700000000 | G18: =F18-E18 -> -5.5100593e+08 | H18: 0
A19: S9 | B19: =SUMIFS(Phan_bo_luong!$E:$E,Phan_bo_luong!$F:$F,A19) -> 131107600 | C19: =SUMIFS(Huy_dong_luong!$E:$E,Huy_dong_luong!$F:$F,A19) -> 1.5577841e+08 | D19: =SUMIFS($F$2:$F$7,$D$2:$D$7,A19) -> 525000000 | E19: =IF(Tham_so!$B$19="cong_suc",B19,C19)+H19+E18 -> 1.3821135e+09 | F19: =D19+F18 -> 1225000000 | G19: =F19-E19 -> -1.5711353e+08 | H19: 0
A20: Sau cut over | B20: =SUMIFS(Phan_bo_luong!$E:$E,Phan_bo_luong!$F:$F,A20) -> 5725909.1 | C20: =SUMIFS(Huy_dong_luong!$E:$E,Huy_dong_luong!$F:$F,A20) -> 5725909.1 | D20: =SUMIFS($F$2:$F$7,$D$2:$D$7,A20) -> 724024682 | E20: =IF(Tham_so!$B$19="cong_suc",B20,C20)+H20+E19 -> 1.4278394e+09 | F20: =D20+F19 -> 1949024682 | G20: =F20-E20 -> 5.2118524e+08 | H20: 40000000
G21: Kiểm tra tổng chi phí khác theo kỳ | H21: =IF(ABS(SUM(H11:H20)-(Chi_phi_khac!C2+Chi_phi_khac!C3))<1,"Đạt","Lệch") -> Đạt

Sheet Huy_dong_luong
A1: Mã thành viên | B1: Sprint | C1: MD huy động | D1: Đơn giá ngày | E1: Chi lương, đồng | F1: Kỳ dòng tiền
A2: dat | B2: S1 | C2: 10 | D2: =INDEX(Doi_chieu_nguoi!$F$2:$F$13,MATCH(A2,Doi_chieu_nguoi!$A$2:$A$13,0)) -> 2862954.5 | E2: =C2*D2 -> 28629545 | F2: S1
A3: dat | B3: S2 | C3: 10 | D3: =INDEX(Doi_chieu_nguoi!$F$2:$F$13,MATCH(A3,Doi_chieu_nguoi!$A$2:$A$13,0)) -> 2862954.5 | E3: =C3*D3 -> 28629545 | F3: S2
A4: dat | B4: S3 | C4: 13 | D4: =INDEX(Doi_chieu_nguoi!$F$2:$F$13,MATCH(A4,Doi_chieu_nguoi!$A$2:$A$13,0)) -> 2862954.5 | E4: =C4*D4 -> 37218409 | F4: S3
A5: dat | B5: S4 | C5: 10 | D5: =INDEX(Doi_chieu_nguoi!$F$2:$F$13,MATCH(A5,Doi_chieu_nguoi!$A$2:$A$13,0)) -> 2862954.5 | E5: =C5*D5 -> 28629545 | F5: S4
A6: dat | B6: S5 | C6: 10 | D6: =INDEX(Doi_chieu_nguoi!$F$2:$F$13,MATCH(A6,Doi_chieu_nguoi!$A$2:$A$13,0)) -> 2862954.5 | E6: =C6*D6 -> 28629545 | F6: S5
A7: dat | B7: S6 | C7: 10 | D7: =INDEX(Doi_chieu_nguoi!$F$2:$F$13,MATCH(A7,Doi_chieu_nguoi!$A$2:$A$13,0)) -> 2862954.5 | E7: =C7*D7 -> 28629545 | F7: S6
A8: dat | B8: S7 | C8: 7 | D8: =INDEX(Doi_chieu_nguoi!$F$2:$F$13,MATCH(A8,Doi_chieu_nguoi!$A$2:$A$13,0)) -> 2862954.5 | E8: =C8*D8 -> 20040682 | F8: S7
A9: dat | B9: S8 | C9: 8 | D9: =INDEX(Doi_chieu_nguoi!$F$2:$F$13,MATCH(A9,Doi_chieu_nguoi!$A$2:$A$13,0)) -> 2862954.5 | E9: =C9*D9 -> 22903636 | F9: S8
A10: dat | B10: S9 | C10: 6 | D10: =INDEX(Doi_chieu_nguoi!$F$2:$F$13,MATCH(A10,Doi_chieu_nguoi!$A$2:$A$13,0)) -> 2862954.5 | E10: =C10*D10 -> 17177727 | F10: S9
A11: dat | B11: KT | C11: 2 | D11: =INDEX(Doi_chieu_nguoi!$F$2:$F$13,MATCH(A11,Doi_chieu_nguoi!$A$2:$A$13,0)) -> 2862954.5 | E11: =C11*D11 -> 5725909.1 | F11: Sau cut over
A12: tuananh | B12: S1 | C12: 10 | D12: =INDEX(Doi_chieu_nguoi!$F$2:$F$13,MATCH(A12,Doi_chieu_nguoi!$A$2:$A$13,0)) -> 1684090.9 | E12: =C12*D12 -> 16840909 | F12: S1
A13: tuananh | B13: S2 | C13: 10 | D13: =INDEX(Doi_chieu_nguoi!$F$2:$F$13,MATCH(A13,Doi_chieu_nguoi!$A$2:$A$13,0)) -> 1684090.9 | E13: =C13*D13 -> 16840909 | F13: S2
... A99: D4 | B99: S9 | C99: 6 | D99: =INDEX(Doi_chieu_nguoi!$F$2:$F$13,MATCH(A99,Doi_chieu_nguoi!$A$2:$A$13,0)) -> 1684090.9 | E99: =C99*D99 -> 10104545 | F99: S9
A101: Kỳ dòng tiền: sprint giữ mã, kỳ KT (huy động giai đoạn Kết thúc) tính vào cột Sau cut over của sheet Dong_tien.

Sheet Phan_bo_luong
A1: Mã thành viên | B1: Sprint | C1: MD kế hoạch | D1: Đơn giá ngày | E1: Chi lương, đồng | F1: Kỳ dòng tiền
A2: dat | B2: S1 | C2: 8.76 | D2: =INDEX(Doi_chieu_nguoi!$F$2:$F$13,MATCH(A2,Doi_chieu_nguoi!$A$2:$A$13,0)) -> 2862954.5 | E2: =C2*D2 -> 25079482 | F2: S1
A3: dat | B3: S2 | C3: 8.79 | D3: =INDEX(Doi_chieu_nguoi!$F$2:$F$13,MATCH(A3,Doi_chieu_nguoi!$A$2:$A$13,0)) -> 2862954.5 | E3: =C3*D3 -> 25165370 | F3: S2
A4: dat | B4: S3 | C4: 11.74 | D4: =INDEX(Doi_chieu_nguoi!$F$2:$F$13,MATCH(A4,Doi_chieu_nguoi!$A$2:$A$13,0)) -> 2862954.5 | E4: =C4*D4 -> 33611086 | F4: S3
A5: dat | B5: S4 | C5: 8.93 | D5: =INDEX(Doi_chieu_nguoi!$F$2:$F$13,MATCH(A5,Doi_chieu_nguoi!$A$2:$A$13,0)) -> 2862954.5 | E5: =C5*D5 -> 25566184 | F5: S4
A6: dat | B6: S5 | C6: 5.02 | D6: =INDEX(Doi_chieu_nguoi!$F$2:$F$13,MATCH(A6,Doi_chieu_nguoi!$A$2:$A$13,0)) -> 2862954.5 | E6: =C6*D6 -> 14372032 | F6: S5
A7: dat | B7: S6 | C7: 4.52 | D7: =INDEX(Doi_chieu_nguoi!$F$2:$F$13,MATCH(A7,Doi_chieu_nguoi!$A$2:$A$13,0)) -> 2862954.5 | E7: =C7*D7 -> 12940555 | F7: S6
A8: dat | B8: S7 | C8: 5.52 | D8: =INDEX(Doi_chieu_nguoi!$F$2:$F$13,MATCH(A8,Doi_chieu_nguoi!$A$2:$A$13,0)) -> 2862954.5 | E8: =C8*D8 -> 15803509 | F8: S7
A9: dat | B9: S8 | C9: 6.53 | D9: =INDEX(Doi_chieu_nguoi!$F$2:$F$13,MATCH(A9,Doi_chieu_nguoi!$A$2:$A$13,0)) -> 2862954.5 | E9: =C9*D9 -> 18695093 | F9: S8
A10: dat | B10: S9 | C10: 4.52 | D10: =INDEX(Doi_chieu_nguoi!$F$2:$F$13,MATCH(A10,Doi_chieu_nguoi!$A$2:$A$13,0)) -> 2862954.5 | E10: =C10*D10 -> 12940555 | F10: S9
A11: dat | B11: KT | C11: 2 | D11: =INDEX(Doi_chieu_nguoi!$F$2:$F$13,MATCH(A11,Doi_chieu_nguoi!$A$2:$A$13,0)) -> 2862954.5 | E11: =C11*D11 -> 5725909.1 | F11: Sau cut over
A12: tuananh | B12: S1 | C12: 4 | D12: =INDEX(Doi_chieu_nguoi!$F$2:$F$13,MATCH(A12,Doi_chieu_nguoi!$A$2:$A$13,0)) -> 1684090.9 | E12: =C12*D12 -> 6736363.6 | F12: S1
A13: tuananh | B13: S2 | C13: 5 | D13: =INDEX(Doi_chieu_nguoi!$F$2:$F$13,MATCH(A13,Doi_chieu_nguoi!$A$2:$A$13,0)) -> 1684090.9 | E13: =C13*D13 -> 8420454.5 | F13: S2
... A110: D4 | B110: S9 | C110: 5 | D110: =INDEX(Doi_chieu_nguoi!$F$2:$F$13,MATCH(A110,Doi_chieu_nguoi!$A$2:$A$13,0)) -> 1684090.9 | E110: =C110*D110 -> 8420454.5 | F110: S9
A112: Kỳ dòng tiền: sprint giữ mã, kỳ KT (giai đoạn Kết thúc sau cut over) tính vào cột Sau cut over của sheet Dong_tien.
